{
    "can_view": {
        "admin": [
            "2",
            "3",
            "4",
            "5"
        ],
        "users": [
            "student",
            "guardian"
        ],
        "frontend": "no",
        "alias": "Can View",
        "routes": []
    },
    "can_create": {
        "admin": [
            "2",
            "3",
            "4"
        ],
        "users": [],
        "frontend": "no",
        "alias": "Can Create",
        "routes": []
    },
    "can_edit": {
        "admin": [
            "3",
            "4"
        ],
        "users": [],
        "frontend": "no",
        "alias": "Can Edit",
        "routes": []
    },
    "can_import": {
        "admin": [
            "3",
            "4"
        ],
        "users": [],
        "frontend": "no",
        "alias": "Can Import",
        "routes": []
    },
    "can_change_password": {
        "admin": [
            "2",
            "3",
            "4"
        ],
        "users": [

        ],
        "alias": "Can Change Password",
        "routes": [

        ]
    },
    "can_delete": {
        "admin": [
            "2",
            "3",
            "4"
        ],
        "users": [],
        "frontend": "no",
        "alias": "Can Delete",
        "routes": []
    }
}