{
    "can_create_discount": {
        "admin": [
            "2",
            "3",
            "4",
            "5"
        ],
        "users": [],
        "frontend": "no",
        "alias": "Can Create Discount",
        "routes": []
    },
    "can_create_organization": {
        "admin": [
            "2",
            "3",
            "4"
        ],
        "users": [],
        "frontend": "no",
        "alias": "Can Create Organization",
        "routes": []
    },
    "can_edit_organization": {
        "admin": [
            "2",
            "3",
            "4"
        ],
        "users": [],
        "frontend": "no",
        "alias": "Can Edit Organization",
        "routes": []
    },
    "can_view_organization": {
        "admin": [
            "2",
            "3",
            "4"
        ],
        "users": [],
        "frontend": "no",
        "alias": "Can View Organization",
        "routes": []
    },
    "can_edit_discount": {
        "admin": [
            "2",
            "3",
            "4"
        ],
        "users": [],
        "frontend": "no",
        "alias": "Can Edit Discount",
        "routes": []
    },
    "can_delete_discount": {
        "admin": [
            "2",
            "3",
            "4"
        ],
        "users": [],
        "frontend": "no",
        "alias": "Can Delete Discount",
        "routes": []
    },
    "can_delete_organization": {
        "admin": [
            "2",
            "3",
            "4"
        ],
        "users": [],
        "frontend": "no",
        "alias": "Can Delete Organization",
        "routes": []
    },
    "can_create_extra_fee": {
        "admin": [
            "2",
            "3",
            "4"
        ],
        "users": [],
        "frontend": "no",
        "alias": "Can Create Extra Fee",
        "routes": []
    },
    "can_create_fee": {
        "admin": [
            "2",
            "3",
            "4"
        ],
        "users": [],
        "frontend": "no",
        "alias": "Can Create Fee",
        "routes": []
    },
    "can_edit_fee": {
        "admin": [
            "2",
            "3",
            "4"
        ],
        "users": [],
        "frontend": "no",
        "alias": "Can Edit Fee",
        "routes": []
    },
    "can_delete_fee": {
        "admin": [
            "2",
            "3",
            "4"
        ],
        "users": [],
        "frontend": "no",
        "alias": "Can Delete Fee",
        "routes": []
    },
    "can_view_income_report": {
        "admin": [
            "2",
            "3",
            "4"
        ],
        "users": [],
        "frontend": "no",
        "alias": "Can View Income Report",
        "routes": []
    },
    "can_view_tax_report": {
        "admin": [
            "2",
            "3",
            "4"
        ],
        "users": [],
        "frontend": "no",
        "alias": "Can View Tax Report",
        "routes": []
    },
    "can_view_remaining_due_list": {
        "admin": [
            "2",
            "3",
            "4"
        ],
        "users": [],
        "frontend": "no",
        "alias": "Can View Remaining Due List",
        "routes": []
    },
    "can_set_late_fee": {
        "admin": [
            "2",
            "3",
            "4"
        ],
        "users": [],
        "frontend": "no",
        "alias": "Can Set Late Fee",
        "routes": []
    },
    "can_receive_payment": {
        "admin": [
            "2",
            "3",
            "4"
        ],
        "users": [],
        "frontend": "no",
        "alias": "Can Receive Payment",
        "routes": []
    },
    "can_generate_fee": {
        "admin": [
            "2",
            "3",
            "4"
        ],
        "users": [],
        "frontend": "no",
        "alias": "Can Generate Fee",
        "routes": []
    },
    "can_print_direct_invoice": {
        "admin": [
            "2",
            "3",
            "4"
        ],
        "users": [],
        "frontend": "no",
        "alias": "Can Print Direct Invoice",
        "routes": []
    },
    "can_set_opening_balance": {
        "admin": [
            "2",
            "3",
            "4"
        ],
        "users": [],
        "frontend": "no",
        "alias": "Can Set Opening Balance",
        "routes": []
    },
    "can_view_invoice": {
        "admin": [
            "2",
            "3",
            "4"
        ],
        "users": [],
        "frontend": "no",
        "alias": "Can View Invoice",
        "routes": []
    },
    "can_view_opening_balance": {
        "admin": [
            "2",
            "3",
            "4"
        ],
        "users": [],
        "frontend": "no",
        "alias": "Can View Opening Balance",
        "routes": []
    },
    "can_view_statement": {
        "admin": [
            "2",
            "3",
            "4"
        ],
        "users": [],
        "frontend": "no",
        "alias": "Can View Statement",
        "routes": []
    },
    "can_send_push_notification": {
        "admin": [
            "2",
            "3",
            "4"
        ],
        "users": [],
        "frontend": "no",
        "alias": "Can Send Push Notifications",
        "routes": []
    },
    "can_view_receipt_list": {
        "admin": [
            "2",
            "3",
            "4"
        ],
        "users": [],
        "frontend": "no",
        "alias": "Can View Receipt List",
        "routes": []
    }
}