{
    "can_view": {
        "admin": [
            "8"
        ],
        "users": [
            "student",
            "guardian"
        ],
        "frontend": "no",
        "alias": "Can View",
        "routes": [

        ]
    },
    "can_generate_admit_card": {
        "admin": [
            "8"
        ],
        "users": [

        ],
        "frontend": "no",
        "alias": "Can Generate Admit Card",
        "routes": [

        ]
    },
    "can_create": {
        "admin": [
            "8"
        ],
        "users": [

        ],
        "frontend": "no",
        "alias": "Can Create",
        "routes": [

        ]
    },
    "can_edit": {
        "admin": [
            "8"
        ],
        "users": [

        ],
        "frontend": "no",
        "alias": "Can Edit",
        "routes": [

        ]
    },
    "can_delete": {
        "admin": [
            "8"
        ],
        "users": [

        ],
        "frontend": "no",
        "alias": "Can Delete",
        "routes": [

        ]
    }
}