{
    "can_migrate_session": {
        "admin": [
            "2",
            "3",
            "4",
            "5"
        ],
        "users": [
            "student",
            "guardian"
        ],
        "frontend": "no",
        "alias": "Can View",
        "routes": [
        ]
    },
    "can_view": {
        "admin": [
            "2",
            "3",
            "4",
            "5"
        ],
        "users": [
            "student",
            "guardian"
        ],
        "frontend": "no",
        "alias": "Can View",
        "routes": [
            "academic-session-list",
            "academic-session-view",
            "academic-session-create-post"
        ]
    },
    "can_create": {
        "admin": [
            "2",
            "3",
            "4"
        ],
        "users": [],
        "frontend": "no",
        "alias": "Can Create",
        "routes": [
            "academic-session-create-get",
            "academic-session-create-post"
        ]
    },
    "can_edit": {
        "admin": [],
        "users": [],
        "frontend": "no",
        "alias": "Can Edit",
        "routes": [
            "academic-session-edit-get",
            "academic-session-edit-post"
        ]
    },
    "can_delete": {
        "admin": [],
        "users": [],
        "frontend": "no",
        "alias": "Can Delete",
        "routes": [
            "academic-session-delete-post",
            "academic-session-purge-post",
            "academic-session-purge-record-post"
        ]
    }
}