{
    "can_view": {
        "admin": [
            "2",
            "3",
            "4",
            "5"
        ],
        "users": [
            "student",
            "guardian"
        ],
        "alias": "Can View",
        "routes": [
            "report-list",
            "report-class",
            "report-single"
        ]
    },
    "can_create": {
        "admin": [
            "2",
            "3",
            "4"
        ],
        "users": [],
        "alias": "Can Create",
        "routes": [
            "report-generate-get",
            "report-config-post",
            "report-generate-post"
        ]
    },
    "can_edit": {
        "admin": [
            "2",
            "3",
            "4"
        ],
        "users": [],
        "alias": "Can Edit",
        "routes": [
            "report-generate-get",
            "report-config-post",
            "report-generate-post"
        ]
    },
    "can_delete": {
        "admin": [
            "2",
            "3",
            "4"
        ],
        "users": [],
        "alias": "Can Delete",
        "routes": []
    },
    "can_print": {
        "admin": [
            "2",
            "3",
            "4"
        ],
        "users": [],
        "alias": "Can Print",
        "routes": []
    },
    

    "can_generate_ledger": {
        "admin": [
            "2",
            "3",
            "4"
        ],
        "users": [],
        "alias": "Can Generate Ledger",
        "routes": []
    },
    "can_generate_report_rank": {
        "admin": [
            "2",
            "3",
            "4"
        ],
        "users": [],
        "alias": "Can Generate Report Rank",
        "routes": []
    },

    "can_create_remarks": {
        "admin": [
            "2",
            "3",
            "4"
        ],
        "users": [],
        "alias": "Can Create Remarks ",
        "routes": []
    },

    "can_generate_report": {
        "admin": [
            "2",
            "3",
            "4"
        ],
        "users": [],
        "alias": "Can Generate Report",
        "routes": []
    }
}