{
	"personal_details": {
		"student_name": "Aashriya Tamrakar",
		"roll": "3",
		"class": "Nursery",
		"section": "A",
		"exam_name": "Second Terminal Evaluation"
	},

	"exam_details": [{
		"exam_id": "1",
		"exam_name": "Second Terminal Evaluation",
		"weightage": 100,
		"graded_sub_details": {
			"1": {
				"subject_name": "Mathmatics",
				"theory_marks": "77",
				"theory_full_marks": "100",
				"theory_pass_marks": "40",
				"theory_grade": "B+",
				"theory_gpa": "3",
				"practical_marks": "20",
				"practical_full_marks": "20",
				"practical_pass_marks": "10",
				"practical_grade": "A+",
				"practical_gpa": "4",
				"combined_marks": 97,
				"combined_grade": "A",
				"combined_gpa": "3.5",
				"cas_marks": 48,
				"cas_grade": "C",
				"cas_gpa": "1.5",
				"cas_sub_combined_marks": 92.1,
				"cas_sub_combined_grade": "B+",
				"cas_sub_combined_gpa": "3",
				"theory_highest_marks": "99",
				"practical_highest_marks": "20",
				"combined_highest_marks": 114,
				"theory_highest_grade": "A+",
				"theory_highest_gpa": "4",
				"practical_highest_grade": "A+",
				"practical_highest_gpa": "4",
				"combined_highest_grade": "A+",
				"combined_highest_gpa": "4",
				"cas_highest_marks": 90,
				"cas_highest_grade": "A+",
				"cas_highest_gpa": "4",
				"cas_sub_combined_highest_marks": 87.3,
				"cas_sub_combined_highest_grade": "B+",
				"cas_sub_combined_highest_gpa": "3"
			},
			"2": {
				"subject_name": "Nepali",
				"theory_marks": "77",
				"theory_full_marks": "100",
				"theory_pass_marks": "40",
				"theory_grade": "B+",
				"theory_gpa": "3",
				"practical_marks": "NA",
				"practical_full_marks": "20",
				"practical_pass_marks": "0",
				"practical_grade": "NA",
				"practical_gpa": "NA",
				"combined_marks": 77,
				"combined_grade": "B",
				"combined_gpa": "2.5",
				"cas_marks": "NA",
				"cas_grade": "NA",
				"cas_gpa": "NA",
				"cas_sub_combined_marks": 77,
				"cas_sub_combined_grade": "B",
				"cas_sub_combined_gpa": "2.5",
				"theory_highest_marks": "88",
				"practical_highest_marks": "0",
				"combined_highest_marks": 88,
				"theory_highest_grade": "A",
				"theory_highest_gpa": "3.5",
				"practical_highest_grade": "NA",
				"practical_highest_gpa": "NA",
				"combined_highest_grade": "B+",
				"combined_highest_gpa": "3",
				"cas_highest_marks": "NA",
				"cas_highest_grade": "NA",
				"cas_highest_gpa": "NA",
				"cas_sub_combined_highest_marks": 66,
				"cas_sub_combined_highest_grade": "C+",
				"cas_sub_combined_highest_gpa": "2"
			},
			"3": {
				"subject_name": "English",
				"theory_marks": "77",
				"theory_full_marks": "100",
				"theory_pass_marks": "40",
				"theory_grade": "B+",
				"theory_gpa": "3",
				"practical_marks": "NA",
				"practical_full_marks": "20",
				"practical_pass_marks": "0",
				"practical_grade": "NA",
				"practical_gpa": "NA",
				"combined_marks": 77,
				"combined_grade": "B",
				"combined_gpa": "2.5",
				"cas_marks": "NA",
				"cas_grade": "NA",
				"cas_gpa": "NA",
				"cas_sub_combined_marks": 77,
				"cas_sub_combined_grade": "B",
				"cas_sub_combined_gpa": "2.5",
				"theory_highest_marks": "99",
				"practical_highest_marks": "0",
				"combined_highest_marks": 99,
				"theory_highest_grade": "A+",
				"theory_highest_gpa": "4",
				"practical_highest_grade": "NA",
				"practical_highest_gpa": "NA",
				"combined_highest_grade": "A",
				"combined_highest_gpa": "3.5",
				"cas_highest_marks": "NA",
				"cas_highest_grade": "NA",
				"cas_highest_gpa": "NA",
				"cas_sub_combined_highest_marks": 77,
				"cas_sub_combined_highest_grade": "B",
				"cas_sub_combined_highest_gpa": "2.5"
			}
		}
	}],
	"exam_summary" : {
		
		},
	"summary": {
		"status": "Passed",
		"cas_sub_combined_total": 246.1,
		"cas_sub_combined_percentage": 68.361111111111,
		"cas_sub_combined_gpa": 2.6666666666667,
		"cas_sub_combined_grade": "B",
		"rank" : 1
	}
	
}